id_tarjeta,franquicia_tarjeta,fecha_emision_tarjeta,client_id
V00001005,VISA,2013-11-07,9593
V00000104,VISA,2014-01-19,588
V00000747,VISA,2014-02-05,4915
V00000070,VISA,2014-02-08,439
V00000577,VISA,2014-02-15,3687
V00000377,VISA,2014-03-03,2429
V00000721,VISA,2014-04-05,4680
V00000437,VISA,2014-06-01,2762
V00000188,VISA,2014-06-19,1146
V00000013,VISA,2014-06-29,87
V00000732,VISA,2014-07-21,4763
V00000181,VISA,2014-08-19,1066
V00000384,VISA,2014-09-15,2475
V00000309,VISA,2014-09-19,1946
V00000478,VISA,2014-10-09,3084
V00000563,VISA,2014-10-21,3589
V00000369,VISA,2014-11-08,2363
V00000376,VISA,2014-11-10,2428
V00000483,VISA,2014-11-24,3115
V00000174,VISA,2014-12-04,1039
V00000658,VISA,2014-12-25,4251
V00000763,VISA,2014-12-30,5138
V00000778,VISA,2015-01-02,5275
V00001039,VISA,2015-01-07,10145
V00000477,VISA,2015-01-16,3082
V00000168,VISA,2015-01-24,1018
V00000314,VISA,2015-01-27,1999
V00000468,VISA,2015-01-30,3023
V00000208,VISA,2015-02-08,1246
V00000766,VISA,2015-02-11,5200
V00000464,VISA,2015-02-21,2984
V00000497,VISA,2015-03-03,3184
V00000166,VISA,2015-03-05,999
V00000015,VISA,2015-03-05,114
V00000503,VISA,2015-03-08,3225
V00001038,VISA,2015-03-30,10095
V00000737,VISA,2015-04-13,4791
V00000418,VISA,2015-04-14,2623
V00000759,VISA,2015-04-18,5117
V00000223,VISA,2015-04-18,1353
V00000005,VISA,2015-04-24,51
V00000159,VISA,2015-05-01,946
V00001223,VISA,2015-05-02,13539
V00000662,VISA,2015-05-09,4293
V00000779,VISA,2015-05-21,5323
V00001040,VISA,2015-05-28,10198
V00000545,VISA,2015-05-30,3458
V00000467,VISA,2015-06-05,3019
V00001247,VISA,2015-06-13,13968
V00000652,VISA,2015-06-16,4211
V00000559,VISA,2015-06-17,3573
V00000719,VISA,2015-06-24,4663
V00000397,VISA,2015-06-24,2513
V00000107,VISA,2015-06-27,593
V00000661,VISA,2015-07-03,4270
V00000484,VISA,2015-07-04,3116
V00000501,VISA,2015-07-09,3197
V00000422,VISA,2015-07-11,2650
V00000705,VISA,2015-07-12,4555
V00000410,VISA,2015-07-20,2569
V00000136,VISA,2015-07-28,778
V00000592,VISA,2015-08-07,3782
V00000262,VISA,2015-08-24,1647
V00000018,VISA,2015-08-25,128
V00000003,VISA,2015-09-03,41
V00000098,VISA,2015-09-06,537
V00000167,VISA,2015-09-15,1011
V00000097,VISA,2015-09-19,531
V00000699,VISA,2015-09-26,4532
V00000342,VISA,2015-09-27,2157
V00000713,VISA,2015-09-30,4627
V00000118,VISA,2015-10-22,652
V00000783,VISA,2015-10-24,5433
V00001103,VISA,2015-11-04,11497
V00000504,VISA,2015-11-06,3230
V00000261,VISA,2015-11-09,1629
V00000296,VISA,2015-11-13,1876
V00000113,VISA,2015-11-16,629
V00000092,VISA,2015-11-20,508
V00001225,VISA,2015-11-22,13576
V00000393,VISA,2015-12-03,2498
V00000695,VISA,2015-12-15,4507
V00000666,VISA,2015-12-25,4328
V00000462,VISA,2015-12-30,2978
V00000085,VISA,2015-12-31,489
V00000337,VISA,2016-01-01,2141
V00000771,VISA,2016-01-08,5233
V00000379,VISA,2016-01-12,2431
V00000106,VISA,2016-01-14,592
V00000606,VISA,2016-01-22,3883
V00000427,VISA,2016-01-25,2688
V00000202,VISA,2016-02-04,1228
V00000814,VISA,2016-02-15,5911
V00001064,VISA,2016-02-17,10636
V00000014,VISA,2016-02-17,112
V00000423,VISA,2016-02-19,2657
V00000989,VISA,2016-02-21,9427
V00000364,VISA,2016-02-29,2329
V00000267,VISA,2016-03-09,1691
V00000621,VISA,2016-03-19,3970
V00001139,VISA,2016-03-26,12144
V00000725,VISA,2016-03-30,4715
V00000150,VISA,2016-03-30,859
V00000302,VISA,2016-03-31,1900
V00000372,VISA,2016-03-31,2395
V00000499,VISA,2016-04-03,3187
V00000229,VISA,2016-04-05,1384
V00000289,VISA,2016-04-08,1831
V00001100,VISA,2016-04-10,11409
V00000037,VISA,2016-04-20,238
V00000286,VISA,2016-04-21,1812
V00000157,VISA,2016-04-24,907
V00000216,VISA,2016-04-24,1310
V00000977,VISA,2016-05-08,9276
V00000183,VISA,2016-05-08,1080
V00000945,VISA,2016-05-09,8342
V00000044,VISA,2016-05-17,268
V00000600,VISA,2016-05-20,3829
V00000127,VISA,2016-05-23,714
V00000764,VISA,2016-05-29,5159
V00000204,VISA,2016-05-30,1239
V00001134,VISA,2016-05-31,12050
V00000312,VISA,2016-06-08,1971
V00000313,VISA,2016-06-17,1980
V00000641,VISA,2016-06-18,4116
V00000731,VISA,2016-06-23,4751
V00000084,VISA,2016-06-26,487
V00000265,VISA,2016-06-28,1680
V00001176,VISA,2016-07-03,12810
V00001233,VISA,2016-07-06,13690
V00000407,VISA,2016-07-11,2555
V00000320,VISA,2016-07-11,2045
V00001187,VISA,2016-07-17,12943
V00000121,VISA,2016-07-22,666
V00001055,VISA,2016-07-24,10479
V00000303,VISA,2016-08-01,1912
V00000651,VISA,2016-08-02,4201
V00000736,VISA,2016-08-03,4789
V00000024,VISA,2016-08-05,153
V00000587,VISA,2016-08-05,3763
V00000119,VISA,2016-08-08,655
V00000670,VISA,2016-08-08,4343
V00000227,VISA,2016-08-10,1380
V00001164,VISA,2016-08-12,12577
V00001043,VISA,2016-08-14,10282
V00000278,VISA,2016-08-15,1779
V00000103,VISA,2016-08-17,584
V00000673,VISA,2016-08-31,4353
V00000038,VISA,2016-08-31,242
V00000470,VISA,2016-09-02,3036
V00000890,VISA,2016-09-08,7422
V00000514,VISA,2016-09-10,3267
V00000741,VISA,2016-09-11,4832
V00000882,VISA,2016-09-11,7195
V00000012,VISA,2016-09-11,83
V00000152,VISA,2016-09-16,876
V00000163,VISA,2016-09-18,984
V00000708,VISA,2016-09-24,4568
V00001087,VISA,2016-10-06,11195
V00000854,VISA,2016-10-07,6753
V00000601,VISA,2016-10-08,3830
V00000099,VISA,2016-10-09,548
V00000547,VISA,2016-10-11,3477
V00000040,VISA,2016-10-13,255
V00000220,VISA,2016-10-13,1333
V00000390,VISA,2016-10-14,2490
V00000776,VISA,2016-10-19,5263
V00000197,VISA,2016-10-21,1202
V00000516,VISA,2016-10-25,3279
V00000381,VISA,2016-10-27,2440
V00001010,VISA,2016-10-27,9721
V00000813,VISA,2016-10-28,5873
V00000272,VISA,2016-10-28,1754
V00000772,VISA,2016-10-30,5243
V00000528,VISA,2016-10-31,3356
V00001014,VISA,2016-11-02,9760
V00000087,VISA,2016-11-02,493
V00000088,VISA,2016-11-04,496
V00000441,VISA,2016-11-05,2785
V00000562,VISA,2016-11-07,3583
V00000690,VISA,2016-11-07,4479
V00000374,VISA,2016-11-08,2423
V00000057,VISA,2016-11-09,347
V00000722,VISA,2016-11-14,4684
V00000300,VISA,2016-11-20,1890
V00000117,VISA,2016-11-23,649
V00000541,VISA,2016-11-26,3427
V00000294,VISA,2016-12-04,1861
V00000010,VISA,2016-12-07,77
V00000710,VISA,2016-12-10,4588
V00000408,VISA,2016-12-10,2560
V00000363,VISA,2016-12-11,2324
V00000697,VISA,2016-12-11,4518
V00000433,VISA,2016-12-12,2724
V00000642,VISA,2016-12-13,4137
V00000243,VISA,2016-12-13,1478
V00000162,VISA,2016-12-23,967
V00000594,VISA,2016-12-27,3794
V00000609,VISA,2016-12-29,3893
V00001111,VISA,2016-12-31,11596
V00000786,MasterCard,2016-12-31,5478
V00001118,MasterCard,2017-01-02,11701
V00000175,MasterCard,2017-01-03,1040
V00000565,MasterCard,2017-01-06,3601
V00000714,MasterCard,2017-01-09,4638
V00000137,MasterCard,2017-01-10,786
V00000022,MasterCard,2017-01-11,138
V00000325,MasterCard,2017-01-12,2102
V00000194,MasterCard,2017-01-13,1182
V00000668,MasterCard,2017-01-14,4340
V00000706,MasterCard,2017-01-16,4559
V00000850,MasterCard,2017-01-16,6644
V00000298,MasterCard,2017-01-17,1885
V00000105,MasterCard,2017-01-17,590
V00001036,MasterCard,2017-01-17,10043
V00000292,MasterCard,2017-01-18,1842
V00000112,MasterCard,2017-01-19,626
V00000678,MasterCard,2017-01-20,4405
V00001093,MasterCard,2017-01-20,11319
V00000681,MasterCard,2017-01-22,4426
V00000582,MasterCard,2017-01-22,3733
V00000729,MasterCard,2017-01-22,4740
V00000054,MasterCard,2017-01-24,334
V00000258,MasterCard,2017-01-26,1607
V00000534,MasterCard,2017-01-29,3387
V00000667,MasterCard,2017-01-31,4333
V00000195,MasterCard,2017-02-03,1194
V00000199,MasterCard,2017-02-07,1213
V00000490,MasterCard,2017-02-07,3136
V00000347,MasterCard,2017-02-11,2184
V00000210,MasterCard,2017-02-16,1253
V00000293,MasterCard,2017-02-17,1850
V00000189,MasterCard,2017-02-19,1157
V00000324,MasterCard,2017-02-19,2074
V00000578,MasterCard,2017-02-21,3689
V00000266,MasterCard,2017-03-04,1690
V00000568,MasterCard,2017-03-05,3615
V00000171,MasterCard,2017-03-05,1027
V00000679,MasterCard,2017-03-06,4416
V00000841,MasterCard,2017-03-06,6468
V00000513,MasterCard,2017-03-15,3260
V00000647,MasterCard,2017-03-21,4171
V00000665,MasterCard,2017-03-24,4318
V00000400,MasterCard,2017-04-06,2529
V00000617,MasterCard,2017-04-09,3944
V00000709,MasterCard,2017-04-11,4587
V00000387,MasterCard,2017-04-18,2481
V00000226,MasterCard,2017-04-18,1378
V00000350,MasterCard,2017-04-20,2226
V00000539,MasterCard,2017-04-23,3415
V00000583,MasterCard,2017-04-24,3735
V00000576,MasterCard,2017-04-30,3671
V00000232,MasterCard,2017-05-01,1396
V00000730,MasterCard,2017-05-02,4749
V00000616,MasterCard,2017-05-05,3943
V00000564,MasterCard,2017-05-06,3590
V00000082,MasterCard,2017-05-07,474
V00001173,MasterCard,2017-05-08,12750
V00000426,MasterCard,2017-05-09,2686
V00000791,MasterCard,2017-05-12,5521
V00000572,MasterCard,2017-05-16,3636
V00000375,MasterCard,2017-05-17,2425
V00000069,MasterCard,2017-05-17,438
V00000607,MasterCard,2017-05-17,3885
V00000155,MasterCard,2017-05-17,900
V00000275,MasterCard,2017-05-20,1762
V00000847,MasterCard,2017-05-20,6610
V00000399,MasterCard,2017-05-22,2527
V00000305,MasterCard,2017-05-23,1914
V00000430,MasterCard,2017-05-26,2713
V00000349,MasterCard,2017-05-26,2214
V00000256,MasterCard,2017-05-26,1583
V00000050,MasterCard,2017-05-28,309
V00000939,MasterCard,2017-05-29,8217
V00000110,MasterCard,2017-05-31,608
V00000184,MasterCard,2017-06-03,1089
V00000090,MasterCard,2017-06-04,503
V00000597,MasterCard,2017-06-06,3813
V00000471,MasterCard,2017-06-09,3037
V00000494,MasterCard,2017-06-10,3173
V00000211,MasterCard,2017-06-10,1271
V00000353,MasterCard,2017-06-11,2259
V00000213,MasterCard,2017-06-11,1289
V00001009,MasterCard,2017-06-14,9717
V00000297,MasterCard,2017-06-15,1883
V00000801,MasterCard,2017-06-15,5684
V00000748,MasterCard,2017-06-16,4923
V00000133,MasterCard,2017-06-16,742
V00000316,MasterCard,2017-06-17,2013
V00000145,MasterCard,2017-06-17,819
V00000270,MasterCard,2017-06-17,1736
V00001178,MasterCard,2017-06-19,12850
V00000222,MasterCard,2017-06-19,1345
V00000241,MasterCard,2017-06-20,1461
V00000280,MasterCard,2017-06-22,1793
V00000675,MasterCard,2017-06-23,4376
V00000108,MasterCard,2017-06-25,597
V00001196,MasterCard,2017-06-27,13113
V00000287,MasterCard,2017-06-28,1819
V00000443,MasterCard,2017-06-29,2808
V00001138,American Express,2017-06-29,12133
V00000733,American Express,2017-06-30,4764
V00000311,American Express,2017-07-01,1954
V00000120,American Express,2017-07-03,662
V00000122,American Express,2017-07-03,667
V00000476,American Express,2017-07-06,3079
V00000781,American Express,2017-07-07,5366
V00000588,American Express,2017-07-08,3765
V00000403,American Express,2017-07-12,2538
V00000139,American Express,2017-07-14,797
V00000553,American Express,2017-07-14,3522
V00000625,American Express,2017-07-17,3987
V00000413,American Express,2017-07-20,2592
V00000591,American Express,2017-07-23,3779
V00000694,American Express,2017-07-24,4504
V00000512,American Express,2017-07-24,3259
V00001095,American Express,2017-07-28,11331
V00001059,American Express,2017-07-29,10543
V00000075,American Express,2017-07-29,457
V00000383,American Express,2017-07-30,2469
V00000115,American Express,2017-07-30,638
V00000884,American Express,2017-07-31,7286
V00000454,American Express,2017-08-01,2921
V00000688,American Express,2017-08-01,4472
V00000936,American Express,2017-08-02,8030
V00000663,American Express,2017-08-06,4295
V00000637,American Express,2017-08-06,4094
V00000511,American Express,2017-08-06,3257
V00001220,American Express,2017-08-08,13468
V00000628,American Express,2017-08-11,4007
V00000718,American Express,2017-08-12,4660
V00000238,American Express,2017-08-17,1452
V00000546,American Express,2017-08-19,3465
V00000660,American Express,2017-08-19,4265
V00000491,American Express,2017-08-21,3151
V00000140,American Express,2017-08-22,798
V00000502,American Express,2017-08-22,3201
V00000598,American Express,2017-08-23,3821
V00000355,American Express,2017-08-28,2267
V00000043,American Express,2017-08-29,267
V00000610,American Express,2017-08-29,3894
V00000182,American Express,2017-08-31,1067
V00000041,American Express,2017-08-31,256
V00000091,American Express,2017-09-01,504
V00000252,American Express,2017-09-02,1529
V00000495,American Express,2017-09-02,3181
V00000259,American Express,2017-09-05,1610
V00000187,American Express,2017-09-07,1140
V00000185,American Express,2017-09-07,1098
V00001025,American Express,2017-09-08,9933
V00000019,American Express,2017-09-09,130
V00000431,American Express,2017-09-12,2715
V00000356,American Express,2017-09-13,2268
V00000767,American Express,2017-09-14,5204
V00000537,American Express,2017-09-15,3405
V00000703,American Express,2017-09-17,4546
V00000671,American Express,2017-09-17,4345
V00000896,American Express,2017-09-18,7567
V00000343,American Express,2017-09-21,2164
V00000279,American Express,2017-09-21,1791
V00000622,American Express,2017-09-22,3981
V00000612,American Express,2017-09-22,3906
V00000206,American Express,2017-09-22,1243
V00000190,American Express,2017-09-23,1165
V00001203,American Express,2017-09-26,13201
V00000234,American Express,2017-09-29,1424
V00000030,American Express,2017-10-01,202
V00000327,American Express,2017-10-03,2117
V00000049,American Express,2017-10-03,305
V00001115,American Express,2017-10-03,11683
V00000698,American Express,2017-10-07,4522
V00000874,American Express,2017-10-07,7127
V00000247,American Express,2017-10-08,1500
V00000656,American Express,2017-10-08,4235
V00000436,American Express,2017-10-09,2759
V00000124,American Express,2017-10-10,688
V00000633,American Express,2017-10-12,4078
V00000428,American Express,2017-10-13,2698
V00000638,American Express,2017-10-14,4100
V00000153,American Express,2017-10-19,886
V00000596,American Express,2017-10-19,3811
V00000664,American Express,2017-10-22,4316
V00000251,American Express,2017-10-23,1525
V00000552,American Express,2017-10-25,3519
V00000009,American Express,2017-10-25,76
V00000011,American Express,2017-10-25,79
V00000650,American Express,2017-10-26,4194
V00000059,American Express,2017-10-27,365
V00001016,American Express,2017-10-28,9833
V00000359,American Express,2017-10-29,2299
V00000438,American Express,2017-10-30,2768
V00000094,American Express,2017-11-06,513
V00001056,American Express,2017-11-06,10528
V00000273,American Express,2017-11-07,1758
V00000947,American Express,2017-11-08,8366
V00000093,American Express,2017-11-09,510
V00000762,American Express,2017-11-10,5132
V00000254,American Express,2017-11-11,1578
V00000611,American Express,2017-11-13,3896
V00000648,American Express,2017-11-18,4188
V00000373,American Express,2017-11-18,2401
V00000579,American Express,2017-11-18,3699
V00000555,American Express,2017-11-19,3544
V00000329,American Express,2017-11-19,2122
V00000707,American Express,2017-11-21,4560
V00000051,American Express,2017-11-21,321
V00000382,American Express,2017-11-22,2445
V00000472,American Express,2017-11-24,3056
V00000237,American Express,2017-11-25,1445
V00001234,American Express,2017-11-28,13694
V00000086,American Express,2017-11-28,490
V00000540,American Express,2017-11-29,3425
V00000493,American Express,2017-11-30,3167
V00000532,American Express,2017-11-30,3382
V00000590,American Express,2017-12-02,3769
V00000942,American Express,2017-12-02,8295
V00000033,American Express,2017-12-03,221
V00000739,American Express,2017-12-03,4821
V00000045,American Express,2017-12-05,272
V00000025,American Express,2017-12-06,158
V00000200,American Express,2017-12-09,1220
V00000268,American Express,2017-12-11,1707
V00000507,American Express,2017-12-11,3245
V00000569,American Express,2017-12-12,3616
V00000282,American Express,2017-12-13,1799
V00000536,American Express,2017-12-13,3404
V00001022,American Express,2017-12-13,9914
V00001105,American Express,2017-12-13,11545
V00000326,American Express,2017-12-14,2104
V00000380,American Express,2017-12-15,2434
V00000723,American Express,2017-12-15,4699
V00000081,American Express,2017-12-17,473
V00000521,American Express,2017-12-17,3310
V00000608,American Express,2017-12-17,3890
V00000589,American Express,2017-12-20,3766
V00000281,American Express,2017-12-22,1795
V00000891,American Express,2017-12-23,7434
V00000774,American Express,2017-12-25,5249
V00000566,American Express,2017-12-25,3606
V00000575,American Express,2017-12-25,3667
V00000154,American Express,2017-12-28,887
V00000130,American Express,2017-12-29,722
V00000434,American Express,2017-12-30,2739
V00000083,American Express,2018-01-05,483
V00000593,American Express,2018-01-06,3787
V00000481,American Express,2018-01-06,3102
V00000304,American Express,2018-01-06,1913
V00000149,American Express,2018-01-07,858
V00000659,American Express,2018-01-08,4258
V00000517,American Express,2018-01-09,3291
V00000368,American Express,2018-01-10,2361
V00000482,American Express,2018-01-13,3104
V00000689,American Express,2018-01-15,4473
V00000557,American Express,2018-01-17,3567
V00000897,American Express,2018-01-18,7576
V00000803,American Express,2018-01-19,5727
V00000401,American Express,2018-01-19,2532
V00000760,American Express,2018-01-19,5126
V00000274,American Express,2018-01-21,1759
V00000028,American Express,2018-01-22,174
V00000904,American Express,2018-01-22,7672
V00000474,American Express,2018-01-24,3066
V00000214,American Express,2018-01-24,1292
V00000055,American Express,2018-01-25,335
V00000340,American Express,2018-01-25,2155
V00000724,American Express,2018-01-27,4701
V00000067,American Express,2018-01-28,429
V00000236,American Express,2018-01-29,1440
V00000068,American Express,2018-01-31,434
V00000348,American Express,2018-02-02,2203
V00000065,American Express,2018-02-02,414
V00001239,American Express,2018-02-02,13750
V00000165,American Express,2018-02-04,996
V00000249,American Express,2018-02-06,1517
V00000246,American Express,2018-02-08,1492
V00000720,American Express,2018-02-09,4674
V00000518,American Express,2018-02-10,3292
V00000459,American Express,2018-02-11,2958
V00000655,American Express,2018-02-13,4231
V00000624,American Express,2018-02-13,3985
V00000398,American Express,2018-02-14,2522
V00000796,American Express,2018-02-20,5579
V00000100,American Express,2018-02-21,562
V00000574,American Express,2018-02-23,3640
V00000360,American Express,2018-02-24,2308
V00000391,American Express,2018-02-24,2493
V00000283,American Express,2018-02-25,1800
V00000726,American Express,2018-02-26,4721
V00000132,American Express,2018-02-26,731
V00000463,American Express,2018-02-26,2982
V00000021,American Express,2018-02-26,132
V00000529,American Express,2018-02-27,3357
V00000946,American Express,2018-02-28,8359
V00000419,American Express,2018-02-28,2626
V00000248,American Express,2018-03-01,1512
V00000215,American Express,2018-03-02,1296
V00000225,American Express,2018-03-03,1359
V00000643,American Express,2018-03-04,4157
V00000844,American Express,2018-03-04,6567
V00000672,American Express,2018-03-07,4349
V00000276,American Express,2018-03-07,1765
V00001230,American Express,2018-03-08,13620
V00000599,American Express,2018-03-08,3824
V00000072,American Express,2018-03-09,447
V00001199,American Express,2018-03-09,13134
V00000048,American Express,2018-03-10,295
V00000058,American Express,2018-03-11,358
V00000334,American Express,2018-03-13,2133
V00000002,American Express,2018-03-13,19
V00000228,American Express,2018-03-15,1382
V00000244,American Express,2018-03-16,1480
V00001189,American Express,2018-03-17,12991
V00000198,American Express,2018-03-18,1211
V00000034,American Express,2018-03-20,225
V00000535,American Express,2018-03-22,3395
V00000269,American Express,2018-03-22,1718
V00000515,American Express,2018-03-23,3268
V00000290,American Express,2018-03-24,1833
V00000315,American Express,2018-03-24,2005
V00000784,American Express,2018-03-24,5461
V00000063,American Express,2018-03-27,378
V00000417,American Express,2018-03-30,2619
V00000619,American Express,2018-04-01,3958
V00000191,American Express,2018-04-02,1168
V00000965,American Express,2018-04-02,8636
V00000444,American Express,2018-04-03,2815
V00000370,American Express,2018-04-03,2374
V00000156,American Express,2018-04-07,906
V00000492,American Express,2018-04-09,3166
V00000052,American Express,2018-04-10,326
V00000071,American Express,2018-04-11,441
V00000775,American Express,2018-04-11,5253
V00000330,American Express,2018-04-11,2124
V00000510,American Express,2018-04-13,3256
V00000170,American Express,2018-04-16,1020
V00000338,American Express,2018-04-16,2146
V00000755,American Express,2018-04-16,5002
V00000451,American Express,2018-04-16,2888
V00000263,American Express,2018-04-17,1668
V00000602,American Express,2018-04-18,3846
V00000498,American Express,2018-04-18,3186
V00000933,American Express,2018-04-21,7959
V00000089,American Express,2018-04-22,497
V00000761,American Express,2018-04-23,5128
V00000176,American Express,2018-04-25,1049
V00001102,American Express,2018-04-25,11491
V00000109,American Express,2018-04-26,605
V00000421,American Express,2018-04-27,2644
V00000918,American Express,2018-04-27,7796
V00000680,American Express,2018-04-29,4417
V00000824,American Express,2018-04-29,6196
V00000448,American Express,2018-04-29,2864
V00001194,American Express,2018-04-30,13089
V00000331,American Express,2018-05-01,2125
V00000734,American Express,2018-05-01,4765
V00000235,American Express,2018-05-02,1438
V00000284,American Express,2018-05-07,1807
V00000412,American Express,2018-05-09,2585
V00000064,American Express,2018-05-10,402
V00000186,American Express,2018-05-12,1133
V00000458,American Express,2018-05-14,2951
V00000465,American Express,2018-05-15,2995
V00000457,American Express,2018-05-16,2948
V00000456,American Express,2018-05-16,2929
V00000645,American Express,2018-05-17,4166
V00000906,American Express,2018-05-18,7683
V00000756,American Express,2018-05-18,5012
V00000218,American Express,2018-05-18,1322
V00000717,American Express,2018-05-19,4654
V00000008,American Express,2018-05-20,60
V00000700,American Express,2018-05-22,4533
V00000757,American Express,2018-05-22,5013
V00000126,American Express,2018-05-23,707
V00000358,American Express,2018-05-23,2287
V00000639,American Express,2018-05-23,4112
V00000212,American Express,2018-05-24,1280
V00000415,American Express,2018-05-25,2609
V00000161,American Express,2018-05-25,963
V00000207,American Express,2018-05-25,1244
V00001216,American Express,2018-05-26,13405
V00000649,American Express,2018-05-29,4190
V00000475,American Express,2018-05-31,3075
V00000586,American Express,2018-05-31,3756
V00000446,American Express,2018-06-04,2841
V00000823,American Express,2018-06-05,6178
V00000644,American Express,2018-06-05,4165
V00000111,American Express,2018-06-05,615
V00000469,American Express,2018-06-07,3026
V00000017,American Express,2018-06-07,127
V00000558,American Express,2018-06-07,3568
V00000192,American Express,2018-06-08,1169
V00000631,American Express,2018-06-09,4061
V00000317,American Express,2018-06-10,2015
V00000716,American Express,2018-06-11,4651
V00000007,American Express,2018-06-11,56
V00000863,American Express,2018-06-12,6906
V00000123,American Express,2018-06-12,679
V00000770,American Express,2018-06-15,5232
V00000143,American Express,2018-06-15,816
V00000785,American Express,2018-06-16,5468
V00000646,American Express,2018-06-17,4167
V00000160,American Express,2018-06-17,954
V00000669,American Express,2018-06-19,4341
V00000101,American Express,2018-06-19,566
V00000332,American Express,2018-06-19,2126
V00000362,American Express,2018-06-21,2320
V00000173,American Express,2018-06-21,1031
V00000016,American Express,2018-06-23,116
V00000365,American Express,2018-06-23,2332
V00000701,American Express,2018-06-24,4534
V00000080,American Express,2018-06-25,471
V00000831,American Express,2018-06-29,6275
V00000354,American Express,2018-06-30,2265
V00000250,American Express,2018-06-30,1522
V00000142,American Express,2018-07-01,810
V00000991,American Express,2018-07-01,9457
V00001192,American Express,2018-07-02,13044
V00000738,American Express,2018-07-02,4808
V00000627,American Express,2018-07-05,3994
V00000696,American Express,2018-07-05,4516
V00000260,American Express,2018-07-05,1616
V00000768,American Express,2018-07-06,5223
V00000233,American Express,2018-07-07,1418
V00000450,American Express,2018-07-07,2880
V00000440,American Express,2018-07-07,2782
V00000301,American Express,2018-07-07,1899
V00000485,American Express,2018-07-08,3124
V00000567,American Express,2018-07-08,3611
V00000066,American Express,2018-07-08,425
V00001002,American Express,2018-07-09,9569
V00000453,American Express,2018-07-12,2911
V00000277,American Express,2018-07-12,1777
V00000571,American Express,2018-07-13,3627
V00000687,American Express,2018-07-14,4471
V00000640,American Express,2018-07-14,4115
V00000039,American Express,2018-07-14,254
V00000435,American Express,2018-07-15,2740
V00000411,American Express,2018-07-15,2572
V00000548,American Express,2018-07-16,3501
V00001167,American Express,2018-07-18,12643
V00000727,American Express,2018-07-19,4723
V00000603,American Express,2018-07-20,3850
V00000496,American Express,2018-07-21,3183
V00000073,American Express,2018-07-21,451
V00000146,American Express,2018-07-23,822
V00000439,American Express,2018-07-23,2779
V00000613,American Express,2018-07-23,3913
V00000323,American Express,2018-07-24,2065
V00000623,American Express,2018-07-25,3984
V00000530,American Express,2018-07-25,3360
V00000396,American Express,2018-07-26,2508
V00001076,American Express,2018-07-27,10912
V00000344,American Express,2018-07-27,2168
V00000525,American Express,2018-07-27,3337
V00000042,American Express,2018-07-28,264
V00000740,American Express,2018-07-28,4823
V00000780,American Express,2018-07-29,5333
V00000509,American Express,2018-07-30,3253
V00000308,American Express,2018-07-30,1938
V00000618,American Express,2018-07-31,3947
V00000209,American Express,2018-07-31,1251
V00001155,American Express,2018-08-01,12396
V00000095,American Express,2018-08-01,519
V00000833,American Express,2018-08-01,6299
V00000319,American Express,2018-08-02,2038
V00000795,American Express,2018-08-02,5563
V00000508,American Express,2018-08-03,3249
V00000078,American Express,2018-08-04,468
V00000683,American Express,2018-08-05,4437
V00000032,American Express,2018-08-06,219
V00000550,American Express,2018-08-08,3515
V00001217,American Express,2018-08-09,13406
V00001003,American Express,2018-08-09,9582
V00000179,American Express,2018-08-10,1059
V00000169,American Express,2018-08-10,1019
V00000221,American Express,2018-08-10,1339
V00000684,American Express,2018-08-11,4457
V00000077,American Express,2018-08-13,466
V00000581,American Express,2018-08-13,3721
V00000047,American Express,2018-08-13,280
V00000386,American Express,2018-08-14,2478
V00000346,American Express,2018-08-14,2177
V00000406,American Express,2018-08-16,2548
V00000951,American Express,2018-08-16,8392
V00000519,American Express,2018-08-16,3297
V00000321,American Express,2018-08-16,2058
V00000128,American Express,2018-08-19,716
V00000711,American Express,2018-08-19,4592
V00000538,American Express,2018-08-20,3414
V00000029,American Express,2018-08-20,192
V00000834,American Express,2018-08-21,6301
V00000461,American Express,2018-08-21,2977
V00000239,American Express,2018-08-24,1453
V00000395,American Express,2018-08-24,2502
V00000531,American Express,2018-08-24,3378
V00001150,American Express,2018-08-25,12328
V00000096,American Express,2018-08-26,528
V00000367,American Express,2018-08-27,2343
V00001023,American Express,2018-08-30,9929
V00000702,American Express,2018-08-30,4543
V00000405,American Express,2018-08-31,2542
V00000480,American Express,2018-09-01,3092
V00001098,American Express,2018-09-01,11371
V00000079,American Express,2018-09-02,469
V00000402,American Express,2018-09-03,2536
V00000551,American Express,2018-09-03,3517
V00000425,American Express,2018-09-04,2662
V00001195,American Express,2018-09-04,13095
V00001154,American Express,2018-09-05,12378
V00000307,American Express,2018-09-05,1930
V00000752,American Express,2018-09-06,4944
V00000134,American Express,2018-09-07,769
V00000285,American Express,2018-09-10,1811
V00000544,American Express,2018-09-10,3448
V00000526,American Express,2018-09-10,3339
V00000352,American Express,2018-09-11,2235
V00000328,American Express,2018-09-12,2121
V00000026,American Express,2018-09-14,161
V00000141,American Express,2018-09-15,808
V00000151,American Express,2018-09-16,861
V00000203,American Express,2018-09-16,1231
V00000653,American Express,2018-09-16,4212
V00000880,American Express,2018-09-17,7186
V00000620,American Express,2018-09-17,3959
V00000630,American Express,2018-09-18,4019
V00001188,American Express,2018-09-19,12986
V00000389,American Express,2018-09-19,2489
V00001024,American Express,2018-09-20,9930
V00000193,American Express,2018-09-21,1179
V00000758,American Express,2018-09-21,5016
V00000634,American Express,2018-09-22,4081
V00000361,American Express,2018-09-23,2312
V00000242,American Express,2018-09-24,1473
V00000923,American Express,2018-09-24,7855
V00001007,American Express,2018-09-25,9641
V00000520,American Express,2018-09-25,3308
V00000629,American Express,2018-09-25,4018
V00000335,American Express,2018-09-25,2137
V00000414,American Express,2018-09-26,2606
V00000036,American Express,2018-09-28,236
V00000561,American Express,2018-09-28,3581
V00000291,American Express,2018-09-29,1836
V00000231,American Express,2018-09-29,1390
V00000782,American Express,2018-09-29,5376
V00000180,American Express,2018-09-29,1062
V00000765,American Express,2018-09-29,5175
V00000357,American Express,2018-09-29,2277
V00000554,American Express,2018-09-29,3535
V00000956,American Express,2018-09-30,8502
V00000676,American Express,2018-09-30,4380
V00000255,American Express,2018-10-01,1579
V00001193,American Express,2018-10-01,13051
V00000416,American Express,2018-10-01,2616
V00000585,American Express,2018-10-01,3753
V00000744,American Express,2018-10-02,4863
V00000023,American Express,2018-10-03,146
V00000394,American Express,2018-10-05,2501
V00000460,American Express,2018-10-05,2971
V00000035,American Express,2018-10-07,231
V00000447,American Express,2018-10-07,2845
V00000264,American Express,2018-10-07,1669
V00000245,American Express,2018-10-08,1483
V00000505,American Express,2018-10-09,3233
V00000336,American Express,2018-10-09,2138
V00000366,American Express,2018-10-09,2335
V00000533,American Express,2018-10-09,3384
V00000288,American Express,2018-10-10,1826
V00000754,American Express,2018-10-10,4976
V00000116,American Express,2018-10-11,646
V00001035,American Express,2018-10-11,10040
V00000682,American Express,2018-10-11,4429
V00000792,American Express,2018-10-11,5526
V00000385,American Express,2018-10-12,2476
V00000053,American Express,2018-10-13,333
V00000751,American Express,2018-10-15,4941
V00000614,American Express,2018-10-16,3938
V00000957,American Express,2018-10-16,8506
V00000001,American Express,2018-10-16,9
V00000743,American Express,2018-10-18,4862
V00000061,American Express,2018-10-18,374
V00000060,American Express,2018-10-18,370
V00000074,American Express,2018-10-18,453
V00000749,American Express,2018-10-19,4929
V00000339,American Express,2018-10-19,2154
V00000769,American Express,2018-10-20,5224
V00000488,American Express,2018-10-20,3134
V00000031,American Express,2018-10-21,208
V00000542,American Express,2018-10-22,3439
V00000750,American Express,2018-10-24,4937
V00000855,American Express,2018-10-24,6764
V00000299,American Express,2018-10-25,1886
V00000158,American Express,2018-10-25,928
V00000857,American Express,2018-10-25,6789
V00000230,American Express,2018-10-25,1388
V00000295,American Express,2018-10-26,1864
V00000584,American Express,2018-10-28,3751
V00000449,American Express,2018-10-28,2865
V00000351,American Express,2018-11-01,2232
V00000138,American Express,2018-11-02,791
V00000524,American Express,2018-11-02,3333
V00000693,American Express,2018-11-03,4495
V00000604,American Express,2018-11-04,3858
V00000746,American Express,2018-11-04,4901
V00000333,American Express,2018-11-04,2128
V00000129,American Express,2018-11-05,719
V00000429,American Express,2018-11-05,2709
V00000424,American Express,2018-11-06,2659
V00000345,American Express,2018-11-07,2175
V00001165,American Express,2018-11-08,12599
V00001070,American Express,2018-11-08,10798
V00000217,American Express,2018-11-09,1316
V00000636,American Express,2018-11-09,4091
V00000820,American Express,2018-11-10,6039
V00000046,American Express,2018-11-10,273
V00000742,American Express,2018-11-10,4833
V00000404,American Express,2018-11-12,2540
V00000102,American Express,2018-11-12,575
V00000455,American Express,2018-11-13,2924
V00000253,American Express,2018-11-14,1536
V00000570,American Express,2018-11-14,3620
V00000027,American Express,2018-11-15,167
V00000580,American Express,2018-11-16,3713
V00000409,American Express,2018-11-16,2562
V00000205,American Express,2018-11-16,1242
V00000773,American Express,2018-11-18,5245
V00000487,American Express,2018-11-18,3130
V00000177,American Express,2018-11-19,1056
V00000632,American Express,2018-11-19,4069
V00000445,American Express,2018-11-19,2820
V00001001,American Express,2018-11-20,9555
V00000257,American Express,2018-11-20,1589
V00000178,American Express,2018-11-21,1057
V00000704,American Express,2018-11-21,4553
V00000056,American Express,2018-11-22,339
V00000148,American Express,2018-11-22,834
V00000392,American Express,2018-11-22,2496
V00000523,American Express,2018-11-23,3319
V00001175,American Express,2018-11-24,12802
V00000466,American Express,2018-11-25,2998
V00000500,American Express,2018-11-26,3192
V00000004,American Express,2018-11-26,42
V00000388,American Express,2018-11-26,2488
V00000164,American Express,2018-11-29,992
V00000489,American Express,2018-11-29,3135
V00000626,American Express,2018-11-30,3992
V00001169,American Express,2018-11-30,12662
V00001137,American Express,2018-12-01,12079
V00000677,American Express,2018-12-01,4382
V00000020,American Express,2018-12-02,131
V00000657,American Express,2018-12-02,4246
V00000219,American Express,2018-12-04,1329
V00000819,American Express,2018-12-06,5978
V00001177,American Express,2018-12-06,12843
V00000341,American Express,2018-12-06,2156
V00000692,American Express,2018-12-08,4493
V00000715,American Express,2018-12-08,4639
V00000131,American Express,2018-12-08,725
V00000201,American Express,2018-12-08,1223
V00000605,American Express,2018-12-11,3874
V00000306,American Express,2018-12-11,1929
V00000378,American Express,2018-12-11,2430
V00000549,American Express,2018-12-12,3504
V00000371,American Express,2018-12-13,2388
V00000147,American Express,2018-12-13,826
V00000527,American Express,2018-12-14,3348
V00000172,American Express,2018-12-14,1030
V00000886,American Express,2018-12-15,7325
V00000479,American Express,2018-12-16,3085
V00000691,American Express,2018-12-16,4492
V00000560,American Express,2018-12-17,3577
V00000452,American Express,2018-12-19,2910
V00000506,American Express,2018-12-19,3236
V00000735,American Express,2018-12-19,4772
V00000654,American Express,2018-12-21,4230
V00000196,American Express,2018-12-22,1197
V00000473,American Express,2018-12-22,3063
V00000829,American Express,2018-12-22,6255
V00000310,American Express,2018-12-23,1947
V00000076,American Express,2018-12-23,464
V00000573,American Express,2018-12-23,3638
V00000240,American Express,2018-12-23,1459
V00000728,American Express,2018-12-24,4725
V00000924,American Express,2018-12-24,7862
V00000486,American Express,2018-12-25,3128
V00001081,American Express,2018-12-25,11004
V00000753,American Express,2018-12-25,4974
V00000442,American Express,2018-12-26,2796
V00000125,American Express,2018-12-26,694
V00000674,American Express,2018-12-28,4360
V00000322,American Express,2018-12-28,2063
V00000685,American Express,2018-12-29,4467
V00000635,American Express,2018-12-29,4083
